graph_id,src_id,dst_id,label,train_mask,val_mask,test_mask
0,219,204,0,True,False,False
0,204,219,0,True,False,False
0,204,96,0,True,False,False
0,96,204,0,True,False,False
0,55,204,0,True,False,False
0,204,55,0,True,False,False
0,204,270,0,True,False,False
0,270,204,0,True,False,False
0,219,25,0,True,False,False
0,25,219,0,True,False,False
0,141,25,0,True,False,False
0,25,141,0,True,False,False
0,25,140,0,True,False,False
0,140,25,0,True,False,False
0,25,184,0,True,False,False
0,184,25,0,True,False,False
0,152,157,0,True,False,False
0,157,152,0,True,False,False
0,216,157,0,True,False,False
0,157,216,0,True,False,False
0,219,157,0,True,False,False
0,157,219,0,True,False,False
0,157,123,0,True,False,False
0,123,157,0,True,False,False
0,219,114,0,True,False,False
0,114,219,0,True,False,False
0,114,38,0,True,False,False
0,38,114,0,True,False,False
0,90,114,0,True,False,False
0,114,90,0,True,False,False
0,114,268,0,True,False,False
0,268,114,0,True,False,False
0,114,218,0,True,False,False
0,218,114,0,True,False,False
0,219,297,0,True,False,False
0,297,219,0,True,False,False
0,297,288,0,True,False,False
0,288,297,0,True,False,False
0,57,297,0,True,False,False
0,297,57,0,True,False,False
0,276,297,0,True,False,False
0,297,276,0,True,False,False
0,219,207,0,True,False,False
0,207,219,0,True,False,False
0,93,207,0,True,False,False
0,207,93,0,True,False,False
0,207,296,0,True,False,False
0,296,207,0,True,False,False
0,207,212,0,True,False,False
0,212,207,0,True,False,False
0,123,130,0,True,False,False
0,130,123,0,True,False,False
0,219,123,0,True,False,False
0,123,219,0,True,False,False
0,66,123,0,True,False,False
0,123,66,0,True,False,False
0,123,45,0,True,False,False
0,45,123,0,True,False,False
0,272,74,0,True,False,False
0,74,272,0,True,False,False
0,219,74,0,True,False,False
0,74,219,0,True,False,False
0,5,74,0,True,False,False
0,74,5,0,True,False,False
0,196,74,0,True,False,False
0,74,196,0,True,False,False
0,74,240,0,True,False,False
0,240,74,0,True,False,False
0,219,274,0,True,False,False
0,274,219,0,True,False,False
0,179,274,0,True,False,False
0,274,179,0,True,False,False
0,274,277,0,True,False,False
0,277,274,0,True,False,False
0,57,274,0,True,False,False
0,274,57,0,True,False,False
0,274,254,0,True,False,False
0,254,274,0,True,False,False
0,219,90,0,True,False,False
0,90,219,0,True,False,False
0,97,90,0,True,False,False
0,90,97,0,True,False,False
0,90,168,0,True,False,False
0,168,90,0,True,False,False
0,219,93,0,True,False,False
0,93,219,0,True,False,False
0,38,93,0,True,False,False
0,93,38,0,True,False,False
0,16,93,0,True,False,False
0,93,16,0,True,False,False
0,93,189,0,True,False,False
0,189,93,0,True,False,False
0,219,222,0,True,False,False
0,222,219,0,True,False,False
0,222,70,0,True,False,False
0,70,222,0,True,False,False
0,222,141,0,True,False,False
0,141,222,0,True,False,False
0,222,171,0,True,False,False
0,171,222,0,True,False,False
0,227,222,0,True,False,False
0,222,227,0,True,False,False
0,219,141,0,True,False,False
0,141,219,0,True,False,False
0,219,217,0,True,False,False
0,217,219,0,True,False,False
0,57,217,0,True,False,False
0,217,57,0,True,False,False
0,217,248,0,True,False,False
0,248,217,0,True,False,False
0,219,38,0,True,False,False
0,38,219,0,True,False,False
0,38,212,0,True,False,False
0,212,38,0,True,False,False
0,219,248,0,True,False,False
0,248,219,0,True,False,False
0,242,248,0,True,False,False
0,248,242,0,True,False,False
0,57,248,0,True,False,False
0,248,57,0,True,False,False
0,248,124,0,True,False,False
0,124,248,0,True,False,False
0,270,137,0,True,False,False
0,137,270,0,True,False,False
0,219,270,0,True,False,False
0,270,219,0,True,False,False
0,188,270,0,True,False,False
0,270,188,0,True,False,False
0,216,118,0,True,False,False
0,118,216,0,True,False,False
0,219,216,0,True,False,False
0,216,219,0,True,False,False
0,61,216,0,True,False,False
0,216,61,0,True,False,False
0,254,216,0,True,False,False
0,216,254,0,True,False,False
0,219,124,0,True,False,False
0,124,219,0,True,False,False
0,220,124,0,True,False,False
0,124,220,0,True,False,False
0,264,124,0,True,False,False
0,124,264,0,True,False,False
0,137,30,0,True,False,False
0,30,137,0,True,False,False
0,219,30,0,True,False,False
0,30,219,0,True,False,False
0,30,208,0,True,False,False
0,208,30,0,True,False,False
0,30,220,0,True,False,False
0,220,30,0,True,False,False
0,131,30,0,True,False,False
0,30,131,0,True,False,False
0,275,210,0,True,False,False
0,210,275,0,True,False,False
0,219,210,0,True,False,False
0,210,219,0,True,False,False
0,210,26,0,True,False,False
0,26,210,0,True,False,False
0,210,129,0,True,False,False
0,129,210,0,True,False,False
0,272,44,0,True,False,False
0,44,272,0,True,False,False
0,219,44,0,True,False,False
0,44,219,0,True,False,False
0,263,44,0,True,False,False
0,44,263,0,True,False,False
0,44,240,0,True,False,False
0,240,44,0,True,False,False
0,44,109,0,True,False,False
0,109,44,0,True,False,False
0,219,227,0,True,False,False
0,227,219,0,True,False,False
0,5,227,0,True,False,False
0,227,5,0,True,False,False
0,227,240,0,True,False,False
0,240,227,0,True,False,False
0,219,129,0,True,False,False
0,129,219,0,True,False,False
0,97,129,0,True,False,False
0,129,97,0,True,False,False
0,129,168,0,True,False,False
0,168,129,0,True,False,False
0,129,208,0,True,False,False
0,208,129,0,True,False,False
0,219,137,0,True,False,False
0,137,219,0,True,False,False
0,137,49,0,True,False,False
0,49,137,0,True,False,False
0,34,137,0,True,False,False
0,137,34,0,True,False,False
0,276,209,0,True,False,False
0,209,276,0,True,False,False
0,219,276,0,True,False,False
0,276,219,0,True,False,False
0,276,203,0,True,False,False
0,203,276,0,True,False,False
0,219,168,0,True,False,False
0,168,219,0,True,False,False
0,168,49,0,True,False,False
0,49,168,0,True,False,False
0,168,218,0,True,False,False
0,218,168,0,True,False,False
0,219,296,0,True,False,False
0,296,219,0,True,False,False
0,296,96,0,True,False,False
0,96,296,0,True,False,False
0,191,296,0,True,False,False
0,296,191,0,True,False,False
0,219,275,0,True,False,False
0,275,219,0,True,False,False
0,275,53,0,True,False,False
0,53,275,0,True,False,False
0,219,254,0,True,False,False
0,254,219,0,True,False,False
0,115,254,0,True,False,False
0,254,115,0,True,False,False
0,219,263,0,True,False,False
0,263,219,0,True,False,False
0,39,263,0,True,False,False
0,263,39,0,True,False,False
0,4,263,0,True,False,False
0,263,4,0,True,False,False
0,45,263,0,True,False,False
0,263,45,0,True,False,False
0,219,288,0,True,False,False
0,288,219,0,True,False,False
0,288,203,0,True,False,False
0,203,288,0,True,False,False
0,288,277,0,True,False,False
0,277,288,0,True,False,False
0,57,288,0,True,False,False
0,288,57,0,True,False,False
0,219,218,0,True,False,False
0,218,219,0,True,False,False
0,218,212,0,True,False,False
0,212,218,0,True,False,False
0,219,277,0,True,False,False
0,277,219,0,True,False,False
0,57,277,0,True,False,False
0,277,57,0,True,False,False
0,219,212,0,True,False,False
0,212,219,0,True,False,False
0,212,96,0,True,False,False
0,96,212,0,True,False,False
0,286,45,0,True,False,False
0,45,286,0,True,False,False
0,219,45,0,True,False,False
0,45,219,0,True,False,False
0,45,109,0,True,False,False
0,109,45,0,True,False,False
0,219,220,0,True,False,False
0,220,219,0,True,False,False
0,220,26,0,True,False,False
0,26,220,0,True,False,False
0,87,220,0,True,False,False
0,220,87,0,True,False,False
0,219,5,0,True,False,False
0,5,219,0,True,False,False
0,51,5,0,True,False,False
0,5,51,0,True,False,False
0,122,5,0,True,False,False
0,5,122,0,True,False,False
0,116,165,0,True,False,False
0,165,116,0,True,False,False
0,202,165,0,True,False,False
0,165,202,0,True,False,False
0,165,175,0,True,False,False
0,175,165,0,True,False,False
0,155,165,0,True,False,False
0,165,155,0,True,False,False
0,116,68,0,True,False,False
0,68,116,0,True,False,False
0,202,68,0,True,False,False
0,68,202,0,True,False,False
0,68,205,0,True,False,False
0,205,68,0,True,False,False
0,68,175,0,True,False,False
0,175,68,0,True,False,False
0,135,68,0,True,False,False
0,68,135,0,True,False,False
0,195,215,0,True,False,False
0,215,195,0,True,False,False
0,195,95,0,True,False,False
0,95,195,0,True,False,False
0,33,195,0,True,False,False
0,195,33,0,True,False,False
0,195,228,0,True,False,False
0,228,195,0,True,False,False
0,219,70,0,True,False,False
0,70,219,0,True,False,False
0,240,70,0,True,False,False
0,70,240,0,True,False,False
0,70,109,0,True,False,False
0,109,70,0,True,False,False
0,18,24,0,True,False,False
0,24,18,0,True,False,False
0,116,18,0,True,False,False
0,18,116,0,True,False,False
0,282,18,0,True,False,False
0,18,282,0,True,False,False
0,18,151,0,True,False,False
0,151,18,0,True,False,False
0,290,118,0,True,False,False
0,118,290,0,True,False,False
0,219,290,0,True,False,False
0,290,219,0,True,False,False
0,290,203,0,True,False,False
0,203,290,0,True,False,False
0,184,290,0,True,False,False
0,290,184,0,True,False,False
0,219,130,0,True,False,False
0,130,219,0,True,False,False
0,130,109,0,True,False,False
0,109,130,0,True,False,False
0,116,280,0,True,False,False
0,280,116,0,True,False,False
0,280,251,0,True,False,False
0,251,280,0,True,False,False
0,280,95,0,True,False,False
0,95,280,0,True,False,False
0,266,280,0,True,False,False
0,280,266,0,True,False,False
0,9,280,0,True,False,False
0,280,9,0,True,False,False
0,219,208,0,True,False,False
0,208,219,0,True,False,False
0,208,26,0,True,False,False
0,26,208,0,True,False,False
0,49,208,0,True,False,False
0,208,49,0,True,False,False
0,116,102,0,True,False,False
0,102,116,0,True,False,False
0,102,127,0,True,False,False
0,127,102,0,True,False,False
0,116,127,0,True,False,False
0,127,116,0,True,False,False
0,127,249,0,True,False,False
0,249,127,0,True,False,False
0,127,50,0,True,False,False
0,50,127,0,True,False,False
0,116,151,0,True,False,False
0,151,116,0,True,False,False
0,116,29,0,True,False,False
0,29,116,0,True,False,False
0,101,29,0,True,False,False
0,29,101,0,True,False,False
0,193,29,0,True,False,False
0,29,193,0,True,False,False
0,219,109,0,True,False,False
0,109,219,0,True,False,False
0,116,40,0,True,False,False
0,40,116,0,True,False,False
0,40,202,0,True,False,False
0,202,40,0,True,False,False
0,249,40,0,True,False,False
0,40,249,0,True,False,False
0,40,135,0,True,False,False
0,135,40,0,True,False,False
0,116,193,0,True,False,False
0,193,116,0,True,False,False
0,138,193,0,True,False,False
0,193,138,0,True,False,False
0,193,6,0,True,False,False
0,6,193,0,True,False,False
0,116,126,0,True,False,False
0,126,116,0,True,False,False
0,126,73,0,True,False,False
0,73,126,0,True,False,False
0,101,126,0,True,False,False
0,126,101,0,True,False,False
0,271,9,0,True,False,False
0,9,271,0,True,False,False
0,148,9,0,True,False,False
0,9,148,0,True,False,False
0,9,80,0,True,False,False
0,80,9,0,True,False,False
0,116,9,0,True,False,False
0,9,116,0,True,False,False
0,101,169,0,True,False,False
0,169,101,0,True,False,False
0,116,101,0,True,False,False
0,101,116,0,True,False,False
0,101,162,0,True,False,False
0,162,101,0,True,False,False
0,101,73,0,True,False,False
0,73,101,0,True,False,False
0,101,243,0,True,False,False
0,243,101,0,True,False,False
0,101,192,0,True,False,False
0,192,101,0,True,False,False
0,101,58,0,True,False,False
0,58,101,0,True,False,False
0,101,31,0,True,False,False
0,31,101,0,True,False,False
0,101,252,0,True,False,False
0,252,101,0,True,False,False
0,101,11,0,True,False,False
0,11,101,0,True,False,False
0,101,54,0,True,False,False
0,54,101,0,True,False,False
0,101,176,0,True,False,False
0,176,101,0,True,False,False
0,101,285,0,True,False,False
0,285,101,0,True,False,False
0,101,190,0,True,False,False
0,190,101,0,True,False,False
0,101,237,0,True,False,False
0,237,101,0,True,False,False
0,101,56,0,True,False,False
0,56,101,0,True,False,False
0,101,32,0,True,False,False
0,32,101,0,True,False,False
0,50,62,0,True,False,False
0,62,50,0,True,False,False
0,116,50,0,True,False,False
0,50,116,0,True,False,False
0,62,135,0,True,False,False
0,135,62,0,True,False,False
0,116,135,0,True,False,False
0,135,116,0,True,False,False
0,135,77,0,True,False,False
0,77,135,0,True,False,False
0,219,96,0,True,False,False
0,96,219,0,True,False,False
0,116,271,0,True,False,False
0,271,116,0,True,False,False
0,293,271,0,True,False,False
0,271,293,0,True,False,False
0,271,185,0,True,False,False
0,185,271,0,True,False,False
0,271,295,0,True,False,False
0,295,271,0,True,False,False
0,219,26,0,True,False,False
0,26,219,0,True,False,False
0,219,184,0,True,False,False
0,184,219,0,True,False,False
0,219,49,0,True,False,False
0,49,219,0,True,False,False
0,219,203,0,True,False,False
0,203,219,0,True,False,False
0,219,118,0,True,False,False
0,118,219,0,True,False,False
0,22,155,0,True,False,False
0,155,22,0,True,False,False
0,116,155,0,True,False,False
0,155,116,0,True,False,False
0,155,185,0,True,False,False
0,185,155,0,True,False,False
0,219,240,0,True,False,False
0,240,219,0,True,False,False
0,249,62,0,True,False,False
0,62,249,0,True,False,False
0,116,249,0,True,False,False
0,249,116,0,True,False,False
0,116,202,0,True,False,False
0,202,116,0,True,False,False
0,116,260,0,True,False,False
0,260,116,0,True,False,False
0,260,234,0,True,False,False
0,234,260,0,True,False,False
0,116,62,0,True,False,False
0,62,116,0,True,False,False
0,62,121,0,True,False,False
0,121,62,0,True,False,False
0,138,78,0,True,False,False
0,78,138,0,True,False,False
0,116,138,0,True,False,False
0,138,116,0,True,False,False
0,116,24,0,True,False,False
0,24,116,0,True,False,False
0,69,24,0,True,False,False
0,24,69,0,True,False,False
0,24,265,0,True,False,False
0,265,24,0,True,False,False
0,35,281,0,True,False,False
0,281,35,0,True,False,False
0,116,35,0,True,False,False
0,35,116,0,True,False,False
0,35,43,0,True,False,False
0,43,35,0,True,False,False
0,56,35,0,True,False,False
0,35,56,0,True,False,False
0,35,153,0,True,False,False
0,153,35,0,True,False,False
0,116,121,0,True,False,False
0,121,116,0,True,False,False
0,121,166,0,True,False,False
0,166,121,0,True,False,False
0,121,77,0,True,False,False
0,77,121,0,True,False,False
0,54,3,0,True,False,False
0,3,54,0,True,False,False
0,116,54,0,True,False,False
0,54,116,0,True,False,False
0,58,54,0,True,False,False
0,54,58,0,True,False,False
0,116,234,0,True,False,False
0,234,116,0,True,False,False
0,52,234,0,True,False,False
0,234,52,0,True,False,False
0,234,150,0,True,False,False
0,150,234,0,True,False,False
0,234,139,0,True,False,False
0,139,234,0,True,False,False
0,116,37,0,True,False,False
0,37,116,0,True,False,False
0,15,37,0,True,False,False
0,37,15,0,True,False,False
0,37,170,0,True,False,False
0,170,37,0,True,False,False
0,150,78,0,True,False,False
0,78,150,0,True,False,False
0,116,150,0,True,False,False
0,150,116,0,True,False,False
0,150,143,0,True,False,False
0,143,150,0,True,False,False
0,116,63,0,True,False,False
0,63,116,0,True,False,False
0,63,214,0,True,False,False
0,214,63,0,True,False,False
0,63,88,0,True,False,False
0,88,63,0,True,False,False
0,106,63,0,True,False,False
0,63,106,0,True,False,False
0,116,3,0,True,False,False
0,3,116,0,True,False,False
0,6,3,0,True,False,False
0,3,6,0,True,False,False
0,43,3,0,True,False,False
0,3,43,0,True,False,False
0,3,113,0,True,False,False
0,113,3,0,True,False,False
0,116,36,0,True,False,False
0,36,116,0,True,False,False
0,36,167,0,True,False,False
0,167,36,0,True,False,False
0,265,36,0,True,False,False
0,36,265,0,True,False,False
0,36,48,0,True,False,False
0,48,36,0,True,False,False
0,116,58,0,True,False,False
0,58,116,0,True,False,False
0,58,43,0,True,False,False
0,43,58,0,True,False,False
0,56,58,0,True,False,False
0,58,56,0,True,False,False
0,116,78,0,True,False,False
0,78,116,0,True,False,False
0,78,6,0,True,False,False
0,6,78,0,True,False,False
0,78,113,0,True,False,False
0,113,78,0,True,False,False
0,77,2,0,True,False,False
0,2,77,0,True,False,False
0,116,77,0,True,False,False
0,77,116,0,True,False,False
0,77,205,0,True,False,False
0,205,77,0,True,False,False
0,116,170,0,True,False,False
0,170,116,0,True,False,False
0,170,253,0,True,False,False
0,253,170,0,True,False,False
0,170,21,0,True,False,False
0,21,170,0,True,False,False
0,116,48,0,True,False,False
0,48,116,0,True,False,False
0,52,48,0,True,False,False
0,48,52,0,True,False,False
0,48,21,0,True,False,False
0,21,48,0,True,False,False
0,48,139,0,True,False,False
0,139,48,0,True,False,False
0,73,8,0,True,False,False
0,8,73,0,True,False,False
0,116,73,0,True,False,False
0,73,116,0,True,False,False
0,116,8,0,True,False,False
0,8,116,0,True,False,False
0,8,17,0,True,False,False
0,17,8,0,True,False,False
0,116,17,0,True,False,False
0,17,116,0,True,False,False
0,17,214,0,True,False,False
0,214,17,0,True,False,False
0,88,17,0,True,False,False
0,17,88,0,True,False,False
0,116,88,0,True,False,False
0,88,116,0,True,False,False
0,31,88,0,True,False,False
0,88,31,0,True,False,False
0,88,128,0,True,False,False
0,128,88,0,True,False,False
0,116,106,0,True,False,False
0,106,116,0,True,False,False
0,106,13,0,True,False,False
0,13,106,0,True,False,False
0,106,166,0,True,False,False
0,166,106,0,True,False,False
0,116,65,0,True,False,False
0,65,116,0,True,False,False
0,65,167,0,True,False,False
0,167,65,0,True,False,False
0,226,65,0,True,False,False
0,65,226,0,True,False,False
0,265,65,0,True,False,False
0,65,265,0,True,False,False
0,147,65,0,True,False,False
0,65,147,0,True,False,False
0,116,31,0,True,False,False
0,31,116,0,True,False,False
0,116,226,0,True,False,False
0,226,116,0,True,False,False
0,182,226,0,True,False,False
0,226,182,0,True,False,False
0,226,110,0,True,False,False
0,110,226,0,True,False,False
0,116,265,0,True,False,False
0,265,116,0,True,False,False
0,201,265,0,True,False,False
0,265,201,0,True,False,False
0,116,52,0,True,False,False
0,52,116,0,True,False,False
0,116,185,0,True,False,False
0,185,116,0,True,False,False
0,175,185,0,True,False,False
0,185,175,0,True,False,False
0,116,143,0,True,False,False
0,143,116,0,True,False,False
0,143,72,0,True,False,False
0,72,143,0,True,False,False
0,139,143,0,True,False,False
0,143,139,0,True,False,False
0,143,113,0,True,False,False
0,113,143,0,True,False,False
0,116,6,0,True,False,False
0,6,116,0,True,False,False
0,116,153,0,True,False,False
0,153,116,0,True,False,False
0,153,15,0,True,False,False
0,15,153,0,True,False,False
0,295,80,0,True,False,False
0,80,295,0,True,False,False
0,116,295,0,True,False,False
0,295,116,0,True,False,False
0,205,295,0,True,False,False
0,295,205,0,True,False,False
0,175,295,0,True,False,False
0,295,175,0,True,False,False
0,116,15,0,True,False,False
0,15,116,0,True,False,False
0,15,144,0,True,False,False
0,144,15,0,True,False,False
0,15,72,0,True,False,False
0,72,15,0,True,False,False
0,116,43,0,True,False,False
0,43,116,0,True,False,False
0,116,175,0,True,False,False
0,175,116,0,True,False,False
0,116,56,0,True,False,False
0,56,116,0,True,False,False
0,116,205,0,True,False,False
0,205,116,0,True,False,False
0,205,132,0,True,False,False
0,132,205,0,True,False,False
0,116,139,0,True,False,False
0,139,116,0,True,False,False
0,251,80,0,True,False,False
0,80,251,0,True,False,False
0,116,251,0,True,False,False
0,251,116,0,True,False,False
0,144,23,0,True,False,False
0,23,144,0,True,False,False
0,215,110,0,True,False,False
0,110,215,0,True,False,False
0,32,20,0,True,False,False
0,20,32,0,True,False,False
0,243,32,0,True,False,False
0,32,243,0,True,False,False
0,176,32,0,True,False,False
0,32,176,0,True,False,False
0,116,214,0,True,False,False
0,214,116,0,True,False,False
0,166,214,0,True,False,False
0,214,166,0,True,False,False
0,258,268,0,True,False,False
0,268,258,0,True,False,False
0,253,239,0,True,False,False
0,239,253,0,True,False,False
0,84,215,0,True,False,False
0,215,84,0,True,False,False
0,215,239,0,True,False,False
0,239,215,0,True,False,False
0,28,171,0,True,False,False
0,171,28,0,True,False,False
0,83,269,0,True,False,False
0,269,83,0,True,False,False
0,269,221,0,True,False,False
0,221,269,0,True,False,False
0,57,269,0,True,False,False
0,269,57,0,True,False,False
0,13,230,0,True,False,False
0,230,13,0,True,False,False
0,285,192,0,True,False,False
0,192,285,0,True,False,False
0,237,192,0,True,False,False
0,192,237,0,True,False,False
0,281,241,0,True,False,False
0,241,281,0,True,False,False
0,128,59,0,True,False,False
0,59,128,0,True,False,False
0,116,2,0,True,False,False
0,2,116,0,True,False,False
0,2,166,0,True,False,False
0,166,2,0,True,False,False
0,132,2,0,True,False,False
0,2,132,0,True,False,False
0,116,166,0,True,False,False
0,166,116,0,True,False,False
0,232,189,0,True,False,False
0,189,232,0,True,False,False
0,91,64,0,True,False,False
0,64,91,0,True,False,False
0,91,140,0,True,False,False
0,140,91,0,True,False,False
0,28,91,0,True,False,False
0,91,28,0,True,False,False
0,91,197,0,True,False,False
0,197,91,0,True,False,False
0,57,83,0,True,False,False
0,83,57,0,True,False,False
0,83,197,0,True,False,False
0,197,83,0,True,False,False
0,53,221,0,True,False,False
0,221,53,0,True,False,False
0,252,174,0,True,False,False
0,174,252,0,True,False,False
0,252,243,0,True,False,False
0,243,252,0,True,False,False
0,11,252,0,True,False,False
0,252,11,0,True,False,False
0,176,252,0,True,False,False
0,252,176,0,True,False,False
0,162,7,0,True,False,False
0,7,162,0,True,False,False
0,162,285,0,True,False,False
0,285,162,0,True,False,False
0,190,162,0,True,False,False
0,162,190,0,True,False,False
0,162,237,0,True,False,False
0,237,162,0,True,False,False
0,259,64,0,True,False,False
0,64,259,0,True,False,False
0,97,259,0,True,False,False
0,259,97,0,True,False,False
0,116,113,0,True,False,False
0,113,116,0,True,False,False
0,116,72,0,True,False,False
0,72,116,0,True,False,False
0,209,197,0,True,False,False
0,197,209,0,True,False,False
0,80,132,0,True,False,False
0,132,80,0,True,False,False
0,116,132,0,True,False,False
0,132,116,0,True,False,False
0,132,238,0,True,False,False
0,238,132,0,True,False,False
0,243,194,0,True,False,False
0,194,243,0,True,False,False
0,176,243,0,True,False,False
0,243,176,0,True,False,False
0,190,169,0,True,False,False
0,169,190,0,True,False,False
0,190,241,0,True,False,False
0,241,190,0,True,False,False
0,116,21,0,True,False,False
0,21,116,0,True,False,False
0,21,167,0,True,False,False
0,167,21,0,True,False,False
0,285,225,0,True,False,False
0,225,285,0,True,False,False
0,169,59,0,True,False,False
0,59,169,0,True,False,False
0,169,237,0,True,False,False
0,237,169,0,True,False,False
0,11,1,0,True,False,False
0,1,11,0,True,False,False
0,176,11,0,True,False,False
0,11,176,0,True,False,False
0,116,167,0,True,False,False
0,167,116,0,True,False,False
0,176,200,0,True,False,False
0,200,176,0,True,False,False
0,176,99,0,True,False,False
0,99,176,0,True,False,False
0,176,163,0,True,False,False
0,163,176,0,True,False,False
0,176,245,0,True,False,False
0,245,176,0,True,False,False
0,176,181,0,True,False,False
0,181,176,0,True,False,False
0,176,112,0,True,False,False
0,112,176,0,True,False,False
0,176,174,0,True,False,False
0,174,176,0,True,False,False
0,176,231,0,True,False,False
0,231,176,0,True,False,False
0,176,142,0,True,False,False
0,142,176,0,True,False,False
0,176,76,0,True,False,False
0,76,176,0,True,False,False
0,176,278,0,True,False,False
0,278,176,0,True,False,False
0,176,164,0,True,False,False
0,164,176,0,True,False,False
0,176,20,0,True,False,False
0,20,176,0,True,False,False
0,176,211,0,True,False,False
0,211,176,0,True,False,False
0,176,79,0,True,False,False
0,79,176,0,True,False,False
0,176,105,0,True,False,False
0,105,176,0,True,False,False
0,176,283,0,True,False,False
0,283,176,0,True,False,False
0,176,12,0,True,False,False
0,12,176,0,True,False,False
0,176,85,0,True,False,False
0,85,176,0,True,False,False
0,176,198,0,True,False,False
0,198,176,0,True,False,False
0,176,256,0,True,False,False
0,256,176,0,True,False,False
0,176,86,0,True,False,False
0,86,176,0,True,False,False
0,176,154,0,True,False,False
0,154,176,0,True,False,False
0,176,159,0,True,False,False
0,159,176,0,True,False,False
0,176,180,0,True,False,False
0,180,176,0,True,False,False
0,176,111,0,True,False,False
0,111,176,0,True,False,False
0,176,172,0,True,False,False
0,172,176,0,True,False,False
0,176,246,0,True,False,False
0,246,176,0,True,False,False
0,176,291,0,True,False,False
0,291,176,0,True,False,False
0,176,14,0,True,False,False
0,14,176,0,True,False,False
0,176,173,0,True,False,False
0,173,176,0,True,False,False
0,176,255,0,True,False,False
0,255,176,0,True,False,False
0,176,81,0,True,False,False
0,81,176,0,True,False,False
0,176,292,0,True,False,False
0,292,176,0,True,False,False
0,176,27,0,True,False,False
0,27,176,0,True,False,False
0,176,89,0,True,False,False
0,89,176,0,True,False,False
0,176,294,0,True,False,False
0,294,176,0,True,False,False
0,176,273,0,True,False,False
0,273,176,0,True,False,False
0,176,60,0,True,False,False
0,60,176,0,True,False,False
0,176,46,0,True,False,False
0,46,176,0,True,False,False
0,176,261,0,True,False,False
0,261,176,0,True,False,False
0,176,156,0,True,False,False
0,156,176,0,True,False,False
0,176,133,0,True,False,False
0,133,176,0,True,False,False
0,176,146,0,True,False,False
0,146,176,0,True,False,False
0,176,120,0,True,False,False
0,120,176,0,True,False,False
0,176,104,0,True,False,False
0,104,176,0,True,False,False
0,176,71,0,True,False,False
0,71,176,0,True,False,False
0,176,1,0,True,False,False
0,1,176,0,True,False,False
0,176,194,0,True,False,False
0,194,176,0,True,False,False
0,176,98,0,True,False,False
0,98,176,0,True,False,False
0,176,136,0,True,False,False
0,136,176,0,True,False,False
0,176,103,0,True,False,False
0,103,176,0,True,False,False
0,176,161,0,True,False,False
0,161,176,0,True,False,False
0,176,186,0,True,False,False
0,186,176,0,True,False,False
0,176,284,0,True,False,False
0,284,176,0,True,False,False
0,176,145,0,True,False,False
0,145,176,0,True,False,False
0,176,149,0,True,False,False
0,149,176,0,True,False,False
0,176,10,0,True,False,False
0,10,176,0,True,False,False
0,176,298,0,True,False,False
0,298,176,0,True,False,False
0,176,244,0,True,False,False
0,244,176,0,True,False,False
0,176,125,0,True,False,False
0,125,176,0,True,False,False
0,176,107,0,True,False,False
0,107,176,0,True,False,False
0,176,213,0,True,False,False
0,213,176,0,True,False,False
0,176,42,0,True,False,False
0,42,176,0,True,False,False
0,176,289,0,True,False,False
0,289,176,0,True,False,False
0,176,229,0,True,False,False
0,229,176,0,True,False,False
0,176,119,0,True,False,False
0,119,176,0,True,False,False
0,176,257,0,True,False,False
0,257,176,0,True,False,False
0,176,100,0,True,False,False
0,100,176,0,True,False,False
0,176,287,0,True,False,False
0,287,176,0,True,False,False
0,176,236,0,True,False,False
0,236,176,0,True,False,False
0,176,250,0,True,False,False
0,250,176,0,True,False,False
0,176,178,0,True,False,False
0,178,176,0,True,False,False
0,116,80,0,True,False,False
0,80,116,0,True,False,False
0,228,230,0,True,False,False
0,230,228,0,True,False,False
0,228,238,0,True,False,False
0,238,228,0,True,False,False
0,228,239,0,True,False,False
0,239,228,0,True,False,False
0,258,64,0,True,False,False
0,64,258,0,True,False,False
0,28,258,0,True,False,False
0,258,28,0,True,False,False
0,232,258,0,True,False,False
0,258,232,0,True,False,False
0,64,221,0,True,False,False
0,221,64,0,True,False,False
0,197,221,0,True,False,False
0,221,197,0,True,False,False
0,159,107,0,True,False,False
0,107,159,0,True,False,False
0,291,107,0,True,False,False
0,107,291,0,True,False,False
0,107,161,0,True,False,False
0,161,107,0,True,False,False
0,99,111,0,True,False,False
0,111,99,0,True,False,False
0,111,12,0,True,False,False
0,12,111,0,True,False,False
0,71,111,0,True,False,False
0,111,71,0,True,False,False
0,111,229,0,True,False,False
0,229,111,0,True,False,False
0,250,291,0,True,False,False
0,291,250,0,True,False,False
0,71,250,0,True,False,False
0,250,71,0,True,False,False
0,250,229,0,True,False,False
0,229,250,0,True,False,False
0,239,23,0,True,False,False
0,23,239,0,True,False,False
0,291,186,0,True,False,False
0,186,291,0,True,False,False
0,291,267,0,True,False,False
0,267,291,0,True,False,False
0,136,211,0,True,False,False
0,211,136,0,True,False,False
0,136,79,0,True,False,False
0,79,136,0,True,False,False
0,273,136,0,True,False,False
0,136,273,0,True,False,False
0,100,136,0,True,False,False
0,136,100,0,True,False,False
0,273,200,0,True,False,False
0,200,273,0,True,False,False
0,273,262,0,True,False,False
0,262,273,0,True,False,False
0,164,273,0,True,False,False
0,273,164,0,True,False,False
0,231,99,0,True,False,False
0,99,231,0,True,False,False
0,120,231,0,True,False,False
0,231,120,0,True,False,False
0,231,71,0,True,False,False
0,71,231,0,True,False,False
0,161,186,0,True,False,False
0,186,161,0,True,False,False
0,229,186,0,True,False,False
0,186,229,0,True,False,False
0,186,236,0,True,False,False
0,236,186,0,True,False,False
0,163,246,0,True,False,False
0,246,163,0,True,False,False
0,159,246,0,True,False,False
0,246,159,0,True,False,False
0,246,298,0,True,False,False
0,298,246,0,True,False,False
0,246,125,0,True,False,False
0,125,246,0,True,False,False
0,156,211,0,True,False,False
0,211,156,0,True,False,False
0,156,173,0,True,False,False
0,173,156,0,True,False,False
0,100,156,0,True,False,False
0,156,100,0,True,False,False
0,85,292,0,True,False,False
0,292,85,0,True,False,False
0,85,145,0,True,False,False
0,145,85,0,True,False,False
0,173,198,0,True,False,False
0,198,173,0,True,False,False
0,173,133,0,True,False,False
0,133,173,0,True,False,False
0,159,161,0,True,False,False
0,161,159,0,True,False,False
0,256,163,0,True,False,False
0,163,256,0,True,False,False
0,159,256,0,True,False,False
0,256,159,0,True,False,False
0,256,180,0,True,False,False
0,180,256,0,True,False,False
0,225,262,0,True,False,False
0,262,225,0,True,False,False
0,7,225,0,True,False,False
0,225,7,0,True,False,False
0,225,199,0,True,False,False
0,199,225,0,True,False,False
0,76,99,0,True,False,False
0,99,76,0,True,False,False
0,79,76,0,True,False,False
0,76,79,0,True,False,False
0,120,76,0,True,False,False
0,76,120,0,True,False,False
0,76,98,0,True,False,False
0,98,76,0,True,False,False
0,142,134,0,True,False,False
0,134,142,0,True,False,False
0,142,145,0,True,False,False
0,145,142,0,True,False,False
0,298,142,0,True,False,False
0,142,298,0,True,False,False
0,142,125,0,True,False,False
0,125,142,0,True,False,False
0,145,86,0,True,False,False
0,86,145,0,True,False,False
0,145,89,0,True,False,False
0,89,145,0,True,False,False
0,81,245,0,True,False,False
0,245,81,0,True,False,False
0,81,181,0,True,False,False
0,181,81,0,True,False,False
0,81,92,0,True,False,False
0,92,81,0,True,False,False
0,86,172,0,True,False,False
0,172,86,0,True,False,False
0,292,86,0,True,False,False
0,86,292,0,True,False,False
0,86,10,0,True,False,False
0,10,86,0,True,False,False
0,159,119,0,True,False,False
0,119,159,0,True,False,False
0,119,298,0,True,False,False
0,298,119,0,True,False,False
0,99,278,0,True,False,False
0,278,99,0,True,False,False
0,10,181,0,True,False,False
0,181,10,0,True,False,False
0,10,283,0,True,False,False
0,283,10,0,True,False,False
0,229,154,0,True,False,False
0,154,229,0,True,False,False
0,164,100,0,True,False,False
0,100,164,0,True,False,False
0,230,23,0,True,False,False
0,23,230,0,True,False,False
0,230,59,0,True,False,False
0,59,230,0,True,False,False
0,200,79,0,True,False,False
0,79,200,0,True,False,False
0,200,120,0,True,False,False
0,120,200,0,True,False,False
0,120,75,0,True,False,False
0,75,120,0,True,False,False
0,7,233,0,True,False,False
0,233,7,0,True,False,False
0,7,67,0,True,False,False
0,67,7,0,True,False,False
0,292,41,0,True,False,False
0,41,292,0,True,False,False
0,245,105,0,True,False,False
0,105,245,0,True,False,False
0,245,257,0,True,False,False
0,257,245,0,True,False,False
0,71,82,0,True,False,False
0,82,71,0,True,False,False
0,159,163,0,True,False,False
0,163,159,0,True,False,False
0,159,0,0,True,False,False
0,0,159,0,True,False,False
0,159,183,0,True,False,False
0,183,159,0,True,False,False
0,159,298,0,True,False,False
0,298,159,0,True,False,False
0,257,233,0,True,False,False
0,233,257,0,True,False,False
0,257,1,0,True,False,False
0,1,257,0,True,False,False
0,241,23,0,True,False,False
0,23,241,0,True,False,False
0,241,59,0,True,False,False
0,59,241,0,True,False,False
0,163,244,0,True,False,False
0,244,163,0,True,False,False
0,180,244,0,True,False,False
0,244,180,0,True,False,False
0,244,103,0,True,False,False
0,103,244,0,True,False,False
0,244,125,0,True,False,False
0,125,244,0,True,False,False
0,112,294,0,True,False,False
0,294,112,0,True,False,False
0,149,112,0,True,False,False
0,112,149,0,True,False,False
0,211,198,0,True,False,False
0,198,211,0,True,False,False
0,89,172,0,True,False,False
0,172,89,0,True,False,False
0,89,103,0,True,False,False
0,103,89,0,True,False,False
0,125,89,0,True,False,False
0,89,125,0,True,False,False
0,181,105,0,True,False,False
0,105,181,0,True,False,False
0,181,46,0,True,False,False
0,46,181,0,True,False,False
0,1,174,0,True,False,False
0,174,1,0,True,False,False
0,105,1,0,True,False,False
0,1,105,0,True,False,False
0,236,154,0,True,False,False
0,154,236,0,True,False,False
0,180,178,0,False,True,False
0,178,180,0,False,True,False
0,98,278,0,False,True,False
0,278,98,0,False,True,False
0,98,104,0,False,True,False
0,104,98,0,False,True,False
0,105,14,0,False,True,False
0,14,105,0,False,True,False
0,174,194,0,False,True,False
0,194,174,0,False,True,False
0,20,194,0,False,True,False
0,194,20,0,False,True,False
0,194,60,0,False,True,False
0,60,194,0,False,True,False
0,278,12,0,False,True,False
0,12,278,0,False,True,False
0,12,154,0,False,True,False
0,154,12,0,False,True,False
0,12,287,0,False,True,False
0,287,12,0,False,True,False
0,178,103,0,False,True,False
0,103,178,0,False,True,False
0,172,283,0,False,True,False
0,283,172,0,False,True,False
0,283,46,0,False,True,False
0,46,283,0,False,True,False
0,46,14,0,False,True,False
0,14,46,0,False,True,False
0,46,284,0,False,True,False
0,284,46,0,False,True,False
0,283,42,0,False,True,False
0,42,283,0,False,True,False
0,174,14,0,False,True,False
0,14,174,0,False,True,False
0,14,60,0,False,True,False
0,60,14,0,False,True,False
0,213,261,0,False,True,False
0,261,213,0,False,True,False
0,289,213,0,False,True,False
0,213,289,0,False,True,False
0,60,284,0,False,True,False
0,284,60,0,False,True,False
0,255,284,0,False,True,False
0,284,255,0,False,True,False
0,284,42,0,False,True,False
0,42,284,0,False,True,False
0,261,154,0,False,True,False
0,154,261,0,False,True,False
0,261,287,0,False,True,False
0,287,261,0,False,True,False
0,278,27,0,False,True,False
0,27,278,0,False,True,False
0,146,149,0,False,True,False
0,149,146,0,False,True,False
0,149,104,0,False,True,False
0,104,149,0,False,True,False
0,198,294,0,False,True,False
0,294,198,0,False,True,False
0,146,27,0,False,True,False
0,27,146,0,False,True,False
0,27,104,0,False,True,False
0,104,27,0,False,True,False
0,104,294,0,False,True,False
0,294,104,0,False,True,False
0,67,92,0,False,True,False
0,92,67,0,False,True,False
0,287,27,0,False,True,False
0,27,287,0,False,True,False
0,67,199,0,False,True,False
0,199,67,0,False,True,False
0,67,117,0,False,True,False
0,117,67,0,False,True,False
0,0,183,0,False,True,False
0,183,0,0,False,True,False
0,183,279,0,False,True,False
0,279,183,0,False,True,False
0,199,47,0,False,True,False
0,47,199,0,False,True,False
0,199,75,0,False,True,False
0,75,199,0,False,True,False
0,117,279,0,False,True,False
0,279,117,0,False,True,False
0,117,47,0,False,True,False
0,47,117,0,False,True,False
0,41,117,0,False,True,False
0,117,41,0,False,True,False
0,47,224,0,False,True,False
0,224,47,0,False,True,False
0,82,47,0,False,True,False
0,47,82,0,False,True,False
0,0,224,0,False,True,False
0,224,0,0,False,True,False
0,224,279,0,False,True,False
0,279,224,0,False,True,False
0,267,224,0,False,True,False
0,224,267,0,False,True,False
0,134,279,0,False,True,False
0,279,134,0,False,True,False
0,219,97,0,False,True,False
0,97,219,0,False,True,False
0,219,160,0,False,True,False
0,160,219,0,False,True,False
0,57,160,0,False,True,False
0,160,57,0,False,True,False
0,219,272,0,False,True,False
0,272,219,0,False,True,False
0,39,272,0,False,True,False
0,272,39,0,False,True,False
0,187,22,0,False,True,False
0,22,187,0,False,True,False
0,187,148,0,False,True,False
0,148,187,0,False,True,False
0,187,116,0,False,True,False
0,116,187,0,False,True,False
0,187,293,0,False,True,False
0,293,187,0,False,True,False
0,187,219,0,False,True,False
0,219,187,0,False,True,False
0,187,177,0,False,True,False
0,177,187,0,False,True,False
0,187,69,0,False,True,False
0,69,187,0,False,True,False
0,187,247,0,False,True,False
0,247,187,0,False,True,False
0,187,158,0,False,True,False
0,158,187,0,False,True,False
0,187,266,0,False,True,False
0,266,187,0,False,True,False
0,187,84,0,False,True,False
0,84,187,0,False,True,False
0,19,187,0,False,True,False
0,187,19,0,False,True,False
0,187,201,0,False,True,False
0,201,187,0,False,True,False
0,187,33,0,False,True,False
0,33,187,0,False,True,False
0,187,182,0,False,True,False
0,182,187,0,False,True,False
0,187,282,0,False,True,False
0,282,187,0,False,True,False
0,187,16,0,False,True,False
0,16,187,0,False,True,False
0,187,235,0,False,True,False
0,235,187,0,False,True,False
0,187,147,0,False,False,True
0,147,187,0,False,False,True
0,108,187,0,False,False,True
0,187,108,0,False,False,True
0,187,191,0,False,False,True
0,191,187,0,False,False,True
0,108,177,0,False,False,True
0,177,108,0,False,False,True
0,108,19,0,False,False,True
0,19,108,0,False,False,True
0,108,206,0,False,False,True
0,206,108,0,False,False,True
0,19,235,0,False,False,True
0,235,19,0,False,False,True
0,177,33,0,False,False,True
0,33,177,0,False,False,True
0,177,232,0,False,False,True
0,232,177,0,False,False,True
0,177,235,0,False,False,True
0,235,177,0,False,False,True
0,206,51,0,False,False,True
0,51,206,0,False,False,True
0,206,28,0,False,False,True
0,28,206,0,False,False,True
0,206,232,0,False,False,True
0,232,206,0,False,False,True
0,235,84,0,False,False,True
0,84,235,0,False,False,True
0,219,152,0,False,False,True
0,152,219,0,False,False,True
0,219,286,0,False,False,True
0,286,219,0,False,False,True
0,219,223,0,False,False,True
0,223,219,0,False,False,True
0,219,115,0,False,False,True
0,115,219,0,False,False,True
0,219,179,0,False,False,True
0,179,219,0,False,False,True
0,219,39,0,False,False,True
0,39,219,0,False,False,True
0,219,55,0,False,False,True
0,55,219,0,False,False,True
0,219,61,0,False,False,True
0,61,219,0,False,False,True
0,219,247,0,False,False,True
0,247,219,0,False,False,True
0,219,242,0,False,False,True
0,242,219,0,False,False,True
0,219,87,0,False,False,True
0,87,219,0,False,False,True
0,219,158,0,False,False,True
0,158,219,0,False,False,True
0,219,188,0,False,False,True
0,188,219,0,False,False,True
0,219,66,0,False,False,True
0,66,219,0,False,False,True
0,219,196,0,False,False,True
0,196,219,0,False,False,True
0,219,57,0,False,False,True
0,57,219,0,False,False,True
0,219,16,0,False,False,True
0,16,219,0,False,False,True
0,219,4,0,False,False,True
0,4,219,0,False,False,True
0,219,122,0,False,False,True
0,122,219,0,False,False,True
0,219,131,0,False,False,True
0,131,219,0,False,False,True
0,219,264,0,False,False,True
0,264,219,0,False,False,True
0,219,94,0,False,False,True
0,94,219,0,False,False,True
0,219,34,0,False,False,True
0,34,219,0,False,False,True
0,219,191,0,False,False,True
0,191,219,0,False,False,True
0,191,247,0,False,False,True
0,247,191,0,False,False,True
0,55,188,0,False,False,True
0,188,55,0,False,False,True
0,94,55,0,False,False,True
0,55,94,0,False,False,True
0,116,201,0,False,False,True
0,201,116,0,False,False,True
0,201,69,0,False,False,True
0,69,201,0,False,False,True
0,147,201,0,False,False,True
0,201,147,0,False,False,True
0,286,4,0,False,False,True
0,4,286,0,False,False,True
0,247,158,0,False,False,True
0,158,247,0,False,False,True
0,158,94,0,False,False,True
0,94,158,0,False,False,True
0,148,116,0,False,False,True
0,116,148,0,False,False,True
0,293,148,0,False,False,True
0,148,293,0,False,False,True
0,148,266,0,False,False,True
0,266,148,0,False,False,True
0,33,84,0,False,False,True
0,84,33,0,False,False,True
0,264,242,0,False,False,True
0,242,264,0,False,False,True
0,87,264,0,False,False,True
0,264,87,0,False,False,True
0,266,116,0,False,False,True
0,116,266,0,False,False,True
0,116,147,0,False,False,True
0,147,116,0,False,False,True
0,182,147,0,False,False,True
0,147,182,0,False,False,True
0,179,115,0,False,False,True
0,115,179,0,False,False,True
0,115,61,0,False,False,True
0,61,115,0,False,False,True
0,61,152,0,False,False,True
0,152,61,0,False,False,True
0,152,66,0,False,False,True
0,66,152,0,False,False,True
0,196,122,0,False,False,True
0,122,196,0,False,False,True
0,131,87,0,False,False,True
0,87,131,0,False,False,True
0,34,131,0,False,False,True
0,131,34,0,False,False,True
0,57,242,0,False,False,True
0,242,57,0,False,False,True
0,179,57,0,False,False,True
0,57,179,0,False,False,True
0,22,116,0,False,False,True
0,116,22,0,False,False,True
0,293,116,0,False,False,True
0,116,293,0,False,False,True
0,116,69,0,False,False,True
0,69,116,0,False,False,True
0,116,182,0,False,False,True
0,182,116,0,False,False,True
0,282,116,0,False,False,True
0,116,282,0,False,False,True
0,188,34,0,False,False,True
0,34,188,0,False,False,True
0,282,69,0,False,False,True
0,69,282,0,False,False,True
0,66,286,0,False,False,True
0,286,66,0,False,False,True
